{"cameraMode":{"drawMode":0,"name":"Shaded","section":"Shading Mode"},"sceneLighting":true,"audioPlay":false,"sceneViewState":{"m_AlwaysRefresh":false,"showFog":true,"showSkybox":true,"showFlares":true,"showImageEffects":true,"showParticleSystems":true,"showVisualEffectGraphs":true,"m_FxEnabled":true},"in2DMode":false,"pivot":{"x":-10.907578468322754,"y":-13.119369506835938,"z":50.25407409667969},"rotation":{"x":0.13724207878112794,"y":-0.09470942616462708,"z":0.013276289217174054,"w":0.986015796661377},"size":32.54583740234375,"orthographic":false}