{"cameraMode":{"drawMode":0,"name":"Shaded","section":"Shading Mode"},"sceneLighting":true,"audioPlay":false,"sceneViewState":{"m_AlwaysRefresh":false,"showFog":true,"showSkybox":true,"showFlares":true,"showImageEffects":true,"showParticleSystems":true,"showVisualEffectGraphs":true,"m_FxEnabled":true},"in2DMode":false,"pivot":{"x":-0.1648038774728775,"y":1.3225823640823365,"z":-6.6897807121276859},"rotation":{"x":-0.12867215275764466,"y":0.06302425265312195,"z":-0.008848442696034909,"w":-0.9898422360420227},"size":5.084560394287109,"orthographic":false}